date,RegionName,AreaCode,SalesVolume
01/05/2016,East Midlands,E12000004,51
01/05/2016,East of England,E12000006,16
01/05/2016,London,E12000007,27
01/05/2016,North East,E12000001,85
01/05/2016,North West,E12000002,163
01/05/2016,South East,E12000008,65
01/05/2016,South West,E12000009,31
01/05/2016,West Midlands Region,E12000005,45
01/05/2016,Yorkshire and The Humber,E12000003,84
01/05/2016,England,E92000001,567
01/05/2016,Wales,W92000004,60
01/06/2016,East Midlands,E12000004,56
01/06/2016,East of England,E12000006,10
01/06/2016,London,E12000007,38
01/06/2016,North East,E12000001,90
01/06/2016,North West,E12000002,150
01/06/2016,South East,E12000008,70
01/06/2016,South West,E12000009,37
01/06/2016,West Midlands Region,E12000005,64
01/06/2016,Yorkshire and The Humber,E12000003,108
01/06/2016,England,E92000001,623
01/06/2016,Wales,W92000004,66
01/07/2016,East Midlands,E12000004,49
01/07/2016,East of England,E12000006,23
01/07/2016,London,E12000007,29
01/07/2016,North East,E12000001,67
01/07/2016,North West,E12000002,157
01/07/2016,South East,E12000008,63
01/07/2016,South West,E12000009,34
01/07/2016,West Midlands Region,E12000005,70
01/07/2016,Yorkshire and The Humber,E12000003,96
01/07/2016,England,E92000001,588
01/07/2016,Wales,W92000004,63
01/08/2016,East Midlands,E12000004,60
01/08/2016,East of England,E12000006,12
01/08/2016,London,E12000007,26
01/08/2016,North East,E12000001,89
01/08/2016,North West,E12000002,160
01/08/2016,South East,E12000008,66
01/08/2016,South West,E12000009,45
01/08/2016,West Midlands Region,E12000005,77
01/08/2016,Yorkshire and The Humber,E12000003,86
01/08/2016,England,E92000001,621
01/08/2016,Wales,W92000004,54
01/09/2016,East Midlands,E12000004,77
01/09/2016,East of England,E12000006,12
01/09/2016,London,E12000007,35
01/09/2016,North East,E12000001,93
01/09/2016,North West,E12000002,182
01/09/2016,South East,E12000008,56
01/09/2016,South West,E12000009,43
01/09/2016,West Midlands Region,E12000005,89
01/09/2016,Yorkshire and The Humber,E12000003,113
01/09/2016,England,E92000001,700
01/09/2016,Wales,W92000004,67
01/10/2016,East Midlands,E12000004,77
01/10/2016,East of England,E12000006,17
01/10/2016,London,E12000007,56
01/10/2016,North East,E12000001,100
01/10/2016,North West,E12000002,142
01/10/2016,South East,E12000008,85
01/10/2016,South West,E12000009,54
01/10/2016,West Midlands Region,E12000005,72
01/10/2016,Yorkshire and The Humber,E12000003,99
01/10/2016,England,E92000001,702
01/10/2016,Wales,W92000004,62
01/11/2016,East Midlands,E12000004,77
01/11/2016,East of England,E12000006,22
01/11/2016,London,E12000007,38
01/11/2016,North East,E12000001,83
01/11/2016,North West,E12000002,179
01/11/2016,South East,E12000008,97
01/11/2016,South West,E12000009,57
01/11/2016,West Midlands Region,E12000005,72
01/11/2016,Yorkshire and The Humber,E12000003,114
01/11/2016,England,E92000001,739
01/11/2016,Wales,W92000004,63
01/12/2016,East Midlands,E12000004,53
01/12/2016,East of England,E12000006,18
01/12/2016,London,E12000007,51
01/12/2016,North East,E12000001,74
01/12/2016,North West,E12000002,155
01/12/2016,South East,E12000008,70
01/12/2016,South West,E12000009,50
01/12/2016,West Midlands Region,E12000005,72
01/12/2016,Yorkshire and The Humber,E12000003,107
01/12/2016,England,E92000001,650
01/12/2016,Wales,W92000004,71
01/01/2017,East Midlands,E12000004,45
01/01/2017,East of England,E12000006,12
01/01/2017,London,E12000007,34
01/01/2017,North East,E12000001,95
01/01/2017,North West,E12000002,153
01/01/2017,South East,E12000008,64
01/01/2017,South West,E12000009,41
01/01/2017,West Midlands Region,E12000005,53
01/01/2017,Yorkshire and The Humber,E12000003,92
01/01/2017,England,E92000001,589
01/01/2017,Wales,W92000004,63
01/02/2017,East Midlands,E12000004,37
01/02/2017,East of England,E12000006,18
01/02/2017,London,E12000007,50
01/02/2017,North East,E12000001,87
01/02/2017,North West,E12000002,140
01/02/2017,South East,E12000008,88
01/02/2017,South West,E12000009,53
01/02/2017,West Midlands Region,E12000005,71
01/02/2017,Yorkshire and The Humber,E12000003,117
01/02/2017,England,E92000001,661
01/02/2017,Wales,W92000004,58
01/03/2017,East Midlands,E12000004,80
01/03/2017,East of England,E12000006,16
01/03/2017,London,E12000007,57
01/03/2017,North East,E12000001,103
01/03/2017,North West,E12000002,197
01/03/2017,South East,E12000008,84
01/03/2017,South West,E12000009,62
01/03/2017,West Midlands Region,E12000005,98
01/03/2017,Yorkshire and The Humber,E12000003,151
01/03/2017,England,E92000001,848
01/03/2017,Wales,W92000004,84
01/04/2017,East Midlands,E12000004,47
01/04/2017,East of England,E12000006,15
01/04/2017,London,E12000007,58
01/04/2017,North East,E12000001,88
01/04/2017,North West,E12000002,123
01/04/2017,South East,E12000008,59
01/04/2017,South West,E12000009,49
01/04/2017,West Midlands Region,E12000005,51
01/04/2017,Yorkshire and The Humber,E12000003,95
01/04/2017,England,E92000001,585
01/04/2017,Wales,W92000004,57
01/05/2017,East Midlands,E12000004,54
01/05/2017,East of England,E12000006,12
01/05/2017,London,E12000007,34
01/05/2017,North East,E12000001,76
01/05/2017,North West,E12000002,148
01/05/2017,South East,E12000008,61
01/05/2017,South West,E12000009,43
01/05/2017,West Midlands Region,E12000005,78
01/05/2017,Yorkshire and The Humber,E12000003,94
01/05/2017,England,E92000001,600
01/05/2017,Wales,W92000004,76
01/06/2017,East Midlands,E12000004,65
01/06/2017,East of England,E12000006,18
01/06/2017,London,E12000007,53
01/06/2017,North East,E12000001,98
01/06/2017,North West,E12000002,154
01/06/2017,South East,E12000008,76
01/06/2017,South West,E12000009,45
01/06/2017,West Midlands Region,E12000005,73
01/06/2017,Yorkshire and The Humber,E12000003,112
01/06/2017,England,E92000001,694
01/06/2017,Wales,W92000004,66
01/07/2017,East Midlands,E12000004,50
01/07/2017,East of England,E12000006,18
01/07/2017,London,E12000007,32
01/07/2017,North East,E12000001,75
01/07/2017,North West,E12000002,146
01/07/2017,South East,E12000008,69
01/07/2017,South West,E12000009,42
01/07/2017,West Midlands Region,E12000005,57
01/07/2017,Yorkshire and The Humber,E12000003,82
01/07/2017,England,E92000001,571
01/07/2017,Wales,W92000004,61
01/08/2017,East Midlands,E12000004,62
01/08/2017,East of England,E12000006,11
01/08/2017,London,E12000007,57
01/08/2017,North East,E12000001,77
01/08/2017,North West,E12000002,128
01/08/2017,South East,E12000008,56
01/08/2017,South West,E12000009,47
01/08/2017,West Midlands Region,E12000005,80
01/08/2017,Yorkshire and The Humber,E12000003,109
01/08/2017,England,E92000001,627
01/08/2017,Wales,W92000004,76
01/09/2017,East Midlands,E12000004,51
01/09/2017,East of England,E12000006,14
01/09/2017,London,E12000007,30
01/09/2017,North East,E12000001,82
01/09/2017,North West,E12000002,160
01/09/2017,South East,E12000008,62
01/09/2017,South West,E12000009,28
01/09/2017,West Midlands Region,E12000005,78
01/09/2017,Yorkshire and The Humber,E12000003,98
01/09/2017,England,E92000001,603
01/09/2017,Wales,W92000004,71
01/10/2017,East Midlands,E12000004,62
01/10/2017,East of England,E12000006,18
01/10/2017,London,E12000007,52
01/10/2017,North East,E12000001,101
01/10/2017,North West,E12000002,171
01/10/2017,South East,E12000008,58
01/10/2017,South West,E12000009,42
01/10/2017,West Midlands Region,E12000005,68
01/10/2017,Yorkshire and The Humber,E12000003,125
01/10/2017,England,E92000001,697
01/10/2017,Wales,W92000004,73
01/11/2017,East Midlands,E12000004,69
01/11/2017,East of England,E12000006,21
01/11/2017,London,E12000007,45
01/11/2017,North East,E12000001,93
01/11/2017,North West,E12000002,181
01/11/2017,South East,E12000008,61
01/11/2017,South West,E12000009,38
01/11/2017,West Midlands Region,E12000005,72
01/11/2017,Yorkshire and The Humber,E12000003,128
01/11/2017,England,E92000001,708
01/11/2017,Wales,W92000004,78
01/12/2017,East Midlands,E12000004,58
01/12/2017,East of England,E12000006,13
01/12/2017,London,E12000007,31
01/12/2017,North East,E12000001,99
01/12/2017,North West,E12000002,153
01/12/2017,South East,E12000008,54
01/12/2017,South West,E12000009,45
01/12/2017,West Midlands Region,E12000005,56
01/12/2017,Yorkshire and The Humber,E12000003,84
01/12/2017,England,E92000001,593
01/12/2017,Wales,W92000004,53
01/01/2018,East Midlands,E12000004,37
01/01/2018,East of England,E12000006,17
01/01/2018,London,E12000007,52
01/01/2018,North East,E12000001,80
01/01/2018,North West,E12000002,154
01/01/2018,South East,E12000008,51
01/01/2018,South West,E12000009,42
01/01/2018,West Midlands Region,E12000005,77
01/01/2018,Yorkshire and The Humber,E12000003,102
01/01/2018,England,E92000001,612
01/01/2018,Wales,W92000004,70
01/02/2018,East Midlands,E12000004,46
01/02/2018,East of England,E12000006,17
01/02/2018,London,E12000007,34
01/02/2018,North East,E12000001,63
01/02/2018,North West,E12000002,161
01/02/2018,South East,E12000008,63
01/02/2018,South West,E12000009,54
01/02/2018,West Midlands Region,E12000005,70
01/02/2018,Yorkshire and The Humber,E12000003,98
01/02/2018,England,E92000001,606
01/02/2018,Wales,W92000004,62
01/03/2018,East Midlands,E12000004,54
01/03/2018,East of England,E12000006,14
01/03/2018,London,E12000007,54
01/03/2018,North East,E12000001,95
01/03/2018,North West,E12000002,180
01/03/2018,South East,E12000008,73
01/03/2018,South West,E12000009,43
01/03/2018,West Midlands Region,E12000005,64
01/03/2018,Yorkshire and The Humber,E12000003,89
01/03/2018,England,E92000001,666
01/03/2018,Wales,W92000004,63
01/04/2018,East Midlands,E12000004,45
01/04/2018,East of England,E12000006,11
01/04/2018,London,E12000007,43
01/04/2018,North East,E12000001,73
01/04/2018,North West,E12000002,137
01/04/2018,South East,E12000008,54
01/04/2018,South West,E12000009,48
01/04/2018,West Midlands Region,E12000005,49
01/04/2018,Yorkshire and The Humber,E12000003,89
01/04/2018,England,E92000001,549
01/04/2018,Wales,W92000004,65
01/05/2018,East Midlands,E12000004,43
01/05/2018,East of England,E12000006,13
01/05/2018,London,E12000007,57
01/05/2018,North East,E12000001,109
01/05/2018,North West,E12000002,176
01/05/2018,South East,E12000008,57
01/05/2018,South West,E12000009,46
01/05/2018,West Midlands Region,E12000005,69
01/05/2018,Yorkshire and The Humber,E12000003,101
01/05/2018,England,E92000001,671
01/05/2018,Wales,W92000004,50
01/06/2018,East Midlands,E12000004,42
01/06/2018,East of England,E12000006,17
01/06/2018,London,E12000007,46
01/06/2018,North East,E12000001,80
01/06/2018,North West,E12000002,145
01/06/2018,South East,E12000008,63
01/06/2018,South West,E12000009,53
01/06/2018,West Midlands Region,E12000005,61
01/06/2018,Yorkshire and The Humber,E12000003,114
01/06/2018,England,E92000001,621
01/06/2018,Wales,W92000004,65
01/07/2018,East Midlands,E12000004,49
01/07/2018,East of England,E12000006,11
01/07/2018,London,E12000007,44
01/07/2018,North East,E12000001,88
01/07/2018,North West,E12000002,144
01/07/2018,South East,E12000008,73
01/07/2018,South West,E12000009,33
01/07/2018,West Midlands Region,E12000005,63
01/07/2018,Yorkshire and The Humber,E12000003,70
01/07/2018,England,E92000001,575
01/07/2018,Wales,W92000004,70
01/08/2018,East Midlands,E12000004,28
01/08/2018,East of England,E12000006,15
01/08/2018,London,E12000007,46
01/08/2018,North East,E12000001,99
01/08/2018,North West,E12000002,172
01/08/2018,South East,E12000008,46
01/08/2018,South West,E12000009,38
01/08/2018,West Midlands Region,E12000005,71
01/08/2018,Yorkshire and The Humber,E12000003,95
01/08/2018,England,E92000001,610
01/08/2018,Wales,W92000004,61
01/09/2018,East Midlands,E12000004,35
01/09/2018,East of England,E12000006,8
01/09/2018,London,E12000007,40
01/09/2018,North East,E12000001,66
01/09/2018,North West,E12000002,111
01/09/2018,South East,E12000008,39
01/09/2018,South West,E12000009,32
01/09/2018,West Midlands Region,E12000005,60
01/09/2018,Yorkshire and The Humber,E12000003,86
01/09/2018,England,E92000001,477
01/09/2018,Wales,W92000004,46
01/10/2018,East Midlands,E12000004,54
01/10/2018,East of England,E12000006,14
01/10/2018,London,E12000007,48
01/10/2018,North East,E12000001,89
01/10/2018,North West,E12000002,166
01/10/2018,South East,E12000008,68
01/10/2018,South West,E12000009,40
01/10/2018,West Midlands Region,E12000005,67
01/10/2018,Yorkshire and The Humber,E12000003,84
01/10/2018,England,E92000001,630
01/10/2018,Wales,W92000004,64
01/11/2018,East Midlands,E12000004,48
01/11/2018,East of England,E12000006,17
01/11/2018,London,E12000007,39
01/11/2018,North East,E12000001,91
01/11/2018,North West,E12000002,162
01/11/2018,South East,E12000008,58
01/11/2018,South West,E12000009,39
01/11/2018,West Midlands Region,E12000005,56
01/11/2018,Yorkshire and The Humber,E12000003,105
01/11/2018,England,E92000001,615
01/11/2018,Wales,W92000004,67
01/12/2018,East Midlands,E12000004,36
01/12/2018,East of England,E12000006,18
01/12/2018,London,E12000007,39
01/12/2018,North East,E12000001,74
01/12/2018,North West,E12000002,118
01/12/2018,South East,E12000008,49
01/12/2018,South West,E12000009,25
01/12/2018,West Midlands Region,E12000005,61
01/12/2018,Yorkshire and The Humber,E12000003,88
01/12/2018,England,E92000001,508
01/12/2018,Wales,W92000004,51
01/01/2019,East Midlands,E12000004,48
01/01/2019,East of England,E12000006,16
01/01/2019,London,E12000007,44
01/01/2019,North East,E12000001,77
01/01/2019,North West,E12000002,150
01/01/2019,South East,E12000008,52
01/01/2019,South West,E12000009,40
01/01/2019,West Midlands Region,E12000005,42
01/01/2019,Yorkshire and The Humber,E12000003,89
01/01/2019,England,E92000001,558
01/01/2019,Wales,W92000004,44
01/02/2019,East Midlands,E12000004,54
01/02/2019,East of England,E12000006,18
01/02/2019,London,E12000007,47
01/02/2019,North East,E12000001,83
01/02/2019,North West,E12000002,144
01/02/2019,South East,E12000008,61
01/02/2019,South West,E12000009,60
01/02/2019,West Midlands Region,E12000005,45
01/02/2019,Yorkshire and The Humber,E12000003,89
01/02/2019,England,E92000001,601
01/02/2019,Wales,W92000004,56
01/03/2019,East Midlands,E12000004,50
01/03/2019,East of England,E12000006,9
01/03/2019,London,E12000007,48
01/03/2019,North East,E12000001,100
01/03/2019,North West,E12000002,180
01/03/2019,South East,E12000008,63
01/03/2019,South West,E12000009,54
01/03/2019,West Midlands Region,E12000005,55
01/03/2019,Yorkshire and The Humber,E12000003,90
01/03/2019,England,E92000001,649
01/03/2019,Wales,W92000004,59
01/04/2019,East Midlands,E12000004,49
01/04/2019,East of England,E12000006,19
01/04/2019,London,E12000007,40
01/04/2019,North East,E12000001,73
01/04/2019,North West,E12000002,136
01/04/2019,South East,E12000008,62
01/04/2019,South West,E12000009,75
01/04/2019,West Midlands Region,E12000005,59
01/04/2019,Yorkshire and The Humber,E12000003,106
01/04/2019,England,E92000001,619
01/04/2019,Wales,W92000004,44
01/05/2019,East Midlands,E12000004,58
01/05/2019,East of England,E12000006,13
01/05/2019,London,E12000007,64
01/05/2019,North East,E12000001,95
01/05/2019,North West,E12000002,168
01/05/2019,South East,E12000008,98
01/05/2019,South West,E12000009,52
01/05/2019,West Midlands Region,E12000005,71
01/05/2019,Yorkshire and The Humber,E12000003,97
01/05/2019,England,E92000001,716
01/05/2019,Wales,W92000004,68
01/06/2019,East Midlands,E12000004,57
01/06/2019,East of England,E12000006,15
01/06/2019,London,E12000007,44
01/06/2019,North East,E12000001,112
01/06/2019,North West,E12000002,121
01/06/2019,South East,E12000008,44
01/06/2019,South West,E12000009,48
01/06/2019,West Midlands Region,E12000005,61
01/06/2019,Yorkshire and The Humber,E12000003,98
01/06/2019,England,E92000001,600
01/06/2019,Wales,W92000004,43
01/07/2019,East Midlands,E12000004,55
01/07/2019,East of England,E12000006,19
01/07/2019,London,E12000007,44
01/07/2019,North East,E12000001,114
01/07/2019,North West,E12000002,110
01/07/2019,South East,E12000008,98
01/07/2019,South West,E12000009,42
01/07/2019,West Midlands Region,E12000005,73
01/07/2019,Yorkshire and The Humber,E12000003,117
01/07/2019,England,E92000001,672
01/07/2019,Wales,W92000004,64
01/08/2019,East Midlands,E12000004,46
01/08/2019,East of England,E12000006,17
01/08/2019,London,E12000007,60
01/08/2019,North East,E12000001,107
01/08/2019,North West,E12000002,139
01/08/2019,South East,E12000008,70
01/08/2019,South West,E12000009,49
01/08/2019,West Midlands Region,E12000005,64
01/08/2019,Yorkshire and The Humber,E12000003,109
01/08/2019,England,E92000001,661
01/08/2019,Wales,W92000004,55
01/09/2019,East Midlands,E12000004,55
01/09/2019,East of England,E12000006,17
01/09/2019,London,E12000007,51
01/09/2019,North East,E12000001,95
01/09/2019,North West,E12000002,144
01/09/2019,South East,E12000008,61
01/09/2019,South West,E12000009,35
01/09/2019,West Midlands Region,E12000005,63
01/09/2019,Yorkshire and The Humber,E12000003,87
01/09/2019,England,E92000001,608
01/09/2019,Wales,W92000004,55
01/10/2019,East Midlands,E12000004,60
01/10/2019,East of England,E12000006,17
01/10/2019,London,E12000007,51
01/10/2019,North East,E12000001,118
01/10/2019,North West,E12000002,192
01/10/2019,South East,E12000008,84
01/10/2019,South West,E12000009,48
01/10/2019,West Midlands Region,E12000005,75
01/10/2019,Yorkshire and The Humber,E12000003,103
01/10/2019,England,E92000001,748
01/10/2019,Wales,W92000004,56
01/11/2019,East Midlands,E12000004,55
01/11/2019,East of England,E12000006,15
01/11/2019,London,E12000007,57
01/11/2019,North East,E12000001,117
01/11/2019,North West,E12000002,144
01/11/2019,South East,E12000008,63
01/11/2019,South West,E12000009,63
01/11/2019,West Midlands Region,E12000005,68
01/11/2019,Yorkshire and The Humber,E12000003,97
01/11/2019,England,E92000001,679
01/11/2019,Wales,W92000004,66
01/12/2019,East Midlands,E12000004,35
01/12/2019,East of England,E12000006,17
01/12/2019,London,E12000007,45
01/12/2019,North East,E12000001,69
01/12/2019,North West,E12000002,168
01/12/2019,South East,E12000008,62
01/12/2019,South West,E12000009,36
01/12/2019,West Midlands Region,E12000005,69
01/12/2019,Yorkshire and The Humber,E12000003,105
01/12/2019,England,E92000001,606
01/12/2019,Wales,W92000004,50
01/01/2020,East Midlands,E12000004,62
01/01/2020,East of England,E12000006,15
01/01/2020,London,E12000007,58
01/01/2020,North East,E12000001,113
01/01/2020,North West,E12000002,157
01/01/2020,South East,E12000008,66
01/01/2020,South West,E12000009,40
01/01/2020,West Midlands Region,E12000005,67
01/01/2020,Yorkshire and The Humber,E12000003,112
01/01/2020,England,E92000001,690
01/01/2020,Wales,W92000004,57
01/02/2020,East Midlands,E12000004,49
01/02/2020,East of England,E12000006,16
01/02/2020,London,E12000007,40
01/02/2020,North East,E12000001,93
01/02/2020,North West,E12000002,110
01/02/2020,South East,E12000008,56
01/02/2020,South West,E12000009,40
01/02/2020,West Midlands Region,E12000005,61
01/02/2020,Yorkshire and The Humber,E12000003,105
01/02/2020,England,E92000001,570
01/02/2020,Wales,W92000004,46
01/03/2020,East Midlands,E12000004,42
01/03/2020,East of England,E12000006,16
01/03/2020,London,E12000007,63
01/03/2020,North East,E12000001,84
01/03/2020,North West,E12000002,132
01/03/2020,South East,E12000008,57
01/03/2020,South West,E12000009,46
01/03/2020,West Midlands Region,E12000005,47
01/03/2020,Yorkshire and The Humber,E12000003,83
01/03/2020,England,E92000001,570
01/03/2020,Wales,W92000004,50
01/04/2020,East Midlands,E12000004,17
01/04/2020,East of England,E12000006,6
01/04/2020,London,E12000007,28
01/04/2020,North East,E12000001,35
01/04/2020,North West,E12000002,53
01/04/2020,South East,E12000008,17
01/04/2020,South West,E12000009,15
01/04/2020,West Midlands Region,E12000005,27
01/04/2020,Yorkshire and The Humber,E12000003,42
01/04/2020,England,E92000001,240
01/04/2020,Wales,W92000004,24
01/05/2020,East Midlands,E12000004,23
01/05/2020,East of England,E12000006,9
01/05/2020,London,E12000007,24
01/05/2020,North East,E12000001,61
01/05/2020,North West,E12000002,67
01/05/2020,South East,E12000008,33
01/05/2020,South West,E12000009,18
01/05/2020,West Midlands Region,E12000005,27
01/05/2020,Yorkshire and The Humber,E12000003,43
01/05/2020,England,E92000001,305
01/05/2020,Wales,W92000004,27
01/06/2020,East Midlands,E12000004,20
01/06/2020,East of England,E12000006,8
01/06/2020,London,E12000007,39
01/06/2020,North East,E12000001,68
01/06/2020,North West,E12000002,91
01/06/2020,South East,E12000008,44
01/06/2020,South West,E12000009,25
01/06/2020,West Midlands Region,E12000005,25
01/06/2020,Yorkshire and The Humber,E12000003,56
01/06/2020,England,E92000001,376
01/06/2020,Wales,W92000004,18
01/07/2020,East Midlands,E12000004,31
01/07/2020,East of England,E12000006,10
01/07/2020,London,E12000007,43
01/07/2020,North East,E12000001,63
01/07/2020,North West,E12000002,105
01/07/2020,South East,E12000008,68
01/07/2020,South West,E12000009,30
01/07/2020,West Midlands Region,E12000005,55
01/07/2020,Yorkshire and The Humber,E12000003,66
01/07/2020,England,E92000001,471
01/07/2020,Wales,W92000004,45
01/08/2020,East Midlands,E12000004,22
01/08/2020,East of England,E12000006,12
01/08/2020,London,E12000007,51
01/08/2020,North East,E12000001,100
01/08/2020,North West,E12000002,87
01/08/2020,South East,E12000008,42
01/08/2020,South West,E12000009,25
01/08/2020,West Midlands Region,E12000005,30
01/08/2020,Yorkshire and The Humber,E12000003,63
01/08/2020,England,E92000001,432
01/08/2020,Wales,W92000004,25
01/09/2020,East Midlands,E12000004,24
01/09/2020,East of England,E12000006,8
01/09/2020,London,E12000007,25
01/09/2020,North East,E12000001,67
01/09/2020,North West,E12000002,75
01/09/2020,South East,E12000008,42
01/09/2020,South West,E12000009,20
01/09/2020,West Midlands Region,E12000005,30
01/09/2020,Yorkshire and The Humber,E12000003,63
01/09/2020,England,E92000001,354
01/09/2020,Wales,W92000004,41
01/10/2020,East Midlands,E12000004,31
01/10/2020,East of England,E12000006,9
01/10/2020,London,E12000007,37
01/10/2020,North East,E12000001,76
01/10/2020,North West,E12000002,105
01/10/2020,South East,E12000008,44
01/10/2020,South West,E12000009,34
01/10/2020,West Midlands Region,E12000005,43
01/10/2020,Yorkshire and The Humber,E12000003,45
01/10/2020,England,E92000001,424
01/10/2020,Wales,W92000004,37
01/11/2020,East Midlands,E12000004,25
01/11/2020,East of England,E12000006,12
01/11/2020,London,E12000007,39
01/11/2020,North East,E12000001,51
01/11/2020,North West,E12000002,63
01/11/2020,South East,E12000008,44
01/11/2020,South West,E12000009,25
01/11/2020,West Midlands Region,E12000005,24
01/11/2020,Yorkshire and The Humber,E12000003,41
01/11/2020,England,E92000001,324
01/11/2020,Wales,W92000004,31
01/12/2020,East Midlands,E12000004,14
01/12/2020,East of England,E12000006,5
01/12/2020,London,E12000007,42
01/12/2020,North East,E12000001,31
01/12/2020,North West,E12000002,71
01/12/2020,South East,E12000008,39
01/12/2020,South West,E12000009,26
01/12/2020,West Midlands Region,E12000005,17
01/12/2020,Yorkshire and The Humber,E12000003,45
01/12/2020,England,E92000001,290
01/12/2020,Wales,W92000004,23
01/01/2021,East Midlands,E12000004,12
01/01/2021,East of England,E12000006,10
01/01/2021,London,E12000007,31
01/01/2021,North East,E12000001,37
01/01/2021,North West,E12000002,56
01/01/2021,South East,E12000008,39
01/01/2021,South West,E12000009,9
01/01/2021,West Midlands Region,E12000005,22
01/01/2021,Yorkshire and The Humber,E12000003,40
01/01/2021,England,E92000001,256
01/01/2021,Wales,W92000004,18
01/02/2021,East Midlands,E12000004,17
01/02/2021,East of England,E12000006,10
01/02/2021,London,E12000007,33
01/02/2021,North East,E12000001,41
01/02/2021,North West,E12000002,61
01/02/2021,South East,E12000008,35
01/02/2021,South West,E12000009,10
01/02/2021,West Midlands Region,E12000005,22
01/02/2021,Yorkshire and The Humber,E12000003,28
01/02/2021,England,E92000001,257
01/02/2021,Wales,W92000004,21
01/03/2021,East Midlands,E12000004,31
01/03/2021,East of England,E12000006,4
01/03/2021,London,E12000007,43
01/03/2021,North East,E12000001,40
01/03/2021,North West,E12000002,47
01/03/2021,South East,E12000008,51
01/03/2021,South West,E12000009,24
01/03/2021,West Midlands Region,E12000005,28
01/03/2021,Yorkshire and The Humber,E12000003,33
01/03/2021,England,E92000001,301
01/03/2021,Wales,W92000004,14
01/04/2021,East Midlands,E12000004,16
01/04/2021,East of England,E12000006,16
01/04/2021,London,E12000007,15
01/04/2021,North East,E12000001,30
01/04/2021,North West,E12000002,46
01/04/2021,South East,E12000008,35
01/04/2021,South West,E12000009,11
01/04/2021,West Midlands Region,E12000005,31
01/04/2021,Yorkshire and The Humber,E12000003,30
01/04/2021,England,E92000001,230
01/04/2021,Wales,W92000004,14
01/05/2021,East Midlands,E12000004,7
01/05/2021,East of England,E12000006,7
01/05/2021,London,E12000007,32
01/05/2021,North East,E12000001,34
01/05/2021,North West,E12000002,54
01/05/2021,South East,E12000008,20
01/05/2021,South West,E12000009,16
01/05/2021,West Midlands Region,E12000005,10
01/05/2021,Yorkshire and The Humber,E12000003,14
01/05/2021,England,E92000001,194
01/05/2021,Wales,W92000004,12
01/06/2021,East Midlands,E12000004,13
01/06/2021,East of England,E12000006,10
01/06/2021,London,E12000007,58
01/06/2021,North East,E12000001,32
01/06/2021,North West,E12000002,54
01/06/2021,South East,E12000008,40
01/06/2021,South West,E12000009,20
01/06/2021,West Midlands Region,E12000005,20
01/06/2021,Yorkshire and The Humber,E12000003,22
01/06/2021,England,E92000001,269
01/06/2021,Wales,W92000004,13
01/07/2021,East Midlands,E12000004,11
01/07/2021,East of England,E12000006,8
01/07/2021,London,E12000007,20
01/07/2021,North East,E12000001,36
01/07/2021,North West,E12000002,48
01/07/2021,South East,E12000008,26
01/07/2021,South West,E12000009,18
01/07/2021,West Midlands Region,E12000005,15
01/07/2021,Yorkshire and The Humber,E12000003,17
01/07/2021,England,E92000001,199
01/07/2021,Wales,W92000004,17
01/08/2021,East Midlands,E12000004,14
01/08/2021,East of England,E12000006,8
01/08/2021,London,E12000007,13
01/08/2021,North East,E12000001,27
01/08/2021,North West,E12000002,51
01/08/2021,South East,E12000008,20
01/08/2021,South West,E12000009,14
01/08/2021,West Midlands Region,E12000005,23
01/08/2021,Yorkshire and The Humber,E12000003,27
01/08/2021,England,E92000001,197
01/08/2021,Wales,W92000004,5
01/09/2021,East Midlands,E12000004,15
01/09/2021,East of England,E12000006,6
01/09/2021,London,E12000007,30
01/09/2021,North East,E12000001,47
01/09/2021,North West,E12000002,70
01/09/2021,South East,E12000008,22
01/09/2021,South West,E12000009,23
01/09/2021,West Midlands Region,E12000005,22
01/09/2021,Yorkshire and The Humber,E12000003,28
01/09/2021,England,E92000001,263
01/09/2021,Wales,W92000004,12
01/10/2021,East Midlands,E12000004,9
01/10/2021,East of England,E12000006,7
01/10/2021,London,E12000007,14
01/10/2021,North East,E12000001,30
01/10/2021,North West,E12000002,58
01/10/2021,South East,E12000008,19
01/10/2021,South West,E12000009,13
01/10/2021,West Midlands Region,E12000005,15
01/10/2021,Yorkshire and The Humber,E12000003,36
01/10/2021,England,E92000001,201
01/10/2021,Wales,W92000004,14
01/11/2021,East Midlands,E12000004,15
01/11/2021,East of England,E12000006,12
01/11/2021,London,E12000007,24
01/11/2021,North East,E12000001,65
01/11/2021,North West,E12000002,71
01/11/2021,South East,E12000008,23
01/11/2021,South West,E12000009,18
01/11/2021,West Midlands Region,E12000005,21
01/11/2021,Yorkshire and The Humber,E12000003,40
01/11/2021,England,E92000001,289
01/11/2021,Wales,W92000004,12
01/12/2021,East Midlands,E12000004,13
01/12/2021,East of England,E12000006,1
01/12/2021,London,E12000007,21
01/12/2021,North East,E12000001,31
01/12/2021,North West,E12000002,65
01/12/2021,South East,E12000008,24
01/12/2021,South West,E12000009,5
01/12/2021,West Midlands Region,E12000005,20
01/12/2021,Yorkshire and The Humber,E12000003,36
01/12/2021,England,E92000001,216
01/12/2021,Wales,W92000004,27
01/01/2022,East Midlands,E12000004,11
01/01/2022,East of England,E12000006,6
01/01/2022,London,E12000007,26
01/01/2022,North East,E12000001,41
01/01/2022,North West,E12000002,66
01/01/2022,South East,E12000008,28
01/01/2022,South West,E12000009,18
01/01/2022,West Midlands Region,E12000005,19
01/01/2022,Yorkshire and The Humber,E12000003,40
01/01/2022,England,E92000001,255
01/01/2022,Wales,W92000004,21
01/02/2022,East Midlands,E12000004,21
01/02/2022,East of England,E12000006,3
01/02/2022,London,E12000007,28
01/02/2022,North East,E12000001,35
01/02/2022,North West,E12000002,65
01/02/2022,South East,E12000008,28
01/02/2022,South West,E12000009,19
01/02/2022,West Midlands Region,E12000005,33
01/02/2022,Yorkshire and The Humber,E12000003,42
01/02/2022,England,E92000001,274
01/02/2022,Wales,W92000004,14
01/03/2022,East Midlands,E12000004,19
01/03/2022,East of England,E12000006,5
01/03/2022,London,E12000007,31
01/03/2022,North East,E12000001,55
01/03/2022,North West,E12000002,75
01/03/2022,South East,E12000008,37
01/03/2022,South West,E12000009,21
01/03/2022,West Midlands Region,E12000005,26
01/03/2022,Yorkshire and The Humber,E12000003,65
01/03/2022,England,E92000001,334
01/03/2022,Wales,W92000004,22
01/04/2022,East Midlands,E12000004,17
01/04/2022,East of England,E12000006,9
01/04/2022,London,E12000007,36
01/04/2022,North East,E12000001,57
01/04/2022,North West,E12000002,58
01/04/2022,South East,E12000008,30
01/04/2022,South West,E12000009,24
01/04/2022,West Midlands Region,E12000005,21
01/04/2022,Yorkshire and The Humber,E12000003,49
01/04/2022,England,E92000001,301
01/04/2022,Wales,W92000004,19
01/05/2022,East Midlands,E12000004,38
01/05/2022,East of England,E12000006,4
01/05/2022,London,E12000007,38
01/05/2022,North East,E12000001,31
01/05/2022,North West,E12000002,63
01/05/2022,South East,E12000008,36
01/05/2022,South West,E12000009,17
01/05/2022,West Midlands Region,E12000005,30
01/05/2022,Yorkshire and The Humber,E12000003,56
01/05/2022,England,E92000001,313
01/05/2022,Wales,W92000004,25
01/06/2022,East Midlands,E12000004,19
01/06/2022,East of England,E12000006,6
01/06/2022,London,E12000007,19
01/06/2022,North East,E12000001,64
01/06/2022,North West,E12000002,66
01/06/2022,South East,E12000008,27
01/06/2022,South West,E12000009,18
01/06/2022,West Midlands Region,E12000005,24
01/06/2022,Yorkshire and The Humber,E12000003,63
01/06/2022,England,E92000001,306
01/06/2022,Wales,W92000004,17
01/07/2022,East Midlands,E12000004,21
01/07/2022,East of England,E12000006,5
01/07/2022,London,E12000007,44
01/07/2022,North East,E12000001,42
01/07/2022,North West,E12000002,70
01/07/2022,South East,E12000008,27
01/07/2022,South West,E12000009,31
01/07/2022,West Midlands Region,E12000005,28
01/07/2022,Yorkshire and The Humber,E12000003,61
01/07/2022,England,E92000001,329
01/07/2022,Wales,W92000004,18
01/08/2022,East Midlands,E12000004,16
01/08/2022,East of England,E12000006,11
01/08/2022,London,E12000007,41
01/08/2022,North East,E12000001,54
01/08/2022,North West,E12000002,90
01/08/2022,South East,E12000008,46
01/08/2022,South West,E12000009,25
01/08/2022,West Midlands Region,E12000005,22
01/08/2022,Yorkshire and The Humber,E12000003,61
01/08/2022,England,E92000001,366
01/08/2022,Wales,W92000004,30
01/09/2022,East Midlands,E12000004,26
01/09/2022,East of England,E12000006,10
01/09/2022,London,E12000007,37
01/09/2022,North East,E12000001,54
01/09/2022,North West,E12000002,77
01/09/2022,South East,E12000008,41
01/09/2022,South West,E12000009,16
01/09/2022,West Midlands Region,E12000005,30
01/09/2022,Yorkshire and The Humber,E12000003,52
01/09/2022,England,E92000001,343
01/09/2022,Wales,W92000004,30
01/10/2022,East Midlands,E12000004,33
01/10/2022,East of England,E12000006,8
01/10/2022,London,E12000007,37
01/10/2022,North East,E12000001,62
01/10/2022,North West,E12000002,69
01/10/2022,South East,E12000008,28
01/10/2022,South West,E12000009,21
01/10/2022,West Midlands Region,E12000005,30
01/10/2022,Yorkshire and The Humber,E12000003,54
01/10/2022,England,E92000001,342
01/10/2022,Wales,W92000004,31
01/11/2022,East Midlands,E12000004,23
01/11/2022,East of England,E12000006,20
01/11/2022,London,E12000007,31
01/11/2022,North East,E12000001,45
01/11/2022,North West,E12000002,96
01/11/2022,South East,E12000008,65
01/11/2022,South West,E12000009,21
01/11/2022,West Midlands Region,E12000005,38
01/11/2022,Yorkshire and The Humber,E12000003,66
01/11/2022,England,E92000001,405
01/11/2022,Wales,W92000004,23
01/12/2022,East Midlands,E12000004,19
01/12/2022,East of England,E12000006,10
01/12/2022,London,E12000007,40
01/12/2022,North East,E12000001,47
01/12/2022,North West,E12000002,77
01/12/2022,South East,E12000008,52
01/12/2022,South West,E12000009,22
01/12/2022,West Midlands Region,E12000005,29
01/12/2022,Yorkshire and The Humber,E12000003,43
01/12/2022,England,E92000001,339
01/12/2022,Wales,W92000004,29
01/01/2023,East Midlands,E12000004,24
01/01/2023,East of England,E12000006,20
01/01/2023,London,E12000007,42
01/01/2023,North East,E12000001,46
01/01/2023,North West,E12000002,61
01/01/2023,South East,E12000008,49
01/01/2023,South West,E12000009,18
01/01/2023,West Midlands Region,E12000005,25
01/01/2023,Yorkshire and The Humber,E12000003,67
01/01/2023,England,E92000001,352
01/01/2023,Wales,W92000004,20
01/02/2023,East Midlands,E12000004,24
01/02/2023,East of England,E12000006,10
01/02/2023,London,E12000007,36
01/02/2023,North East,E12000001,53
01/02/2023,North West,E12000002,76
01/02/2023,South East,E12000008,43
01/02/2023,South West,E12000009,32
01/02/2023,West Midlands Region,E12000005,28
01/02/2023,Yorkshire and The Humber,E12000003,53
01/02/2023,England,E92000001,355
01/02/2023,Wales,W92000004,24
01/03/2023,East Midlands,E12000004,26
01/03/2023,East of England,E12000006,17
01/03/2023,London,E12000007,52
01/03/2023,North East,E12000001,77
01/03/2023,North West,E12000002,78
01/03/2023,South East,E12000008,69
01/03/2023,South West,E12000009,21
01/03/2023,West Midlands Region,E12000005,40
01/03/2023,Yorkshire and The Humber,E12000003,56
01/03/2023,England,E92000001,436
01/03/2023,Wales,W92000004,33
01/04/2023,East Midlands,E12000004,24
01/04/2023,East of England,E12000006,7
01/04/2023,London,E12000007,42
01/04/2023,North East,E12000001,34
01/04/2023,North West,E12000002,65
01/04/2023,South East,E12000008,55
01/04/2023,South West,E12000009,18
01/04/2023,West Midlands Region,E12000005,36
01/04/2023,Yorkshire and The Humber,E12000003,44
01/04/2023,England,E92000001,325
01/04/2023,Wales,W92000004,20
01/05/2023,East Midlands,E12000004,22
01/05/2023,East of England,E12000006,11
01/05/2023,London,E12000007,39
01/05/2023,North East,E12000001,55
01/05/2023,North West,E12000002,78
01/05/2023,South East,E12000008,45
01/05/2023,South West,E12000009,29
01/05/2023,West Midlands Region,E12000005,42
01/05/2023,Yorkshire and The Humber,E12000003,41
01/05/2023,England,E92000001,362
01/05/2023,Wales,W92000004,25
01/06/2023,East Midlands,E12000004,30
01/06/2023,East of England,E12000006,7
01/06/2023,London,E12000007,57
01/06/2023,North East,E12000001,58
01/06/2023,North West,E12000002,74
01/06/2023,South East,E12000008,55
01/06/2023,South West,E12000009,23
01/06/2023,West Midlands Region,E12000005,39
01/06/2023,Yorkshire and The Humber,E12000003,40
01/06/2023,England,E92000001,383
01/06/2023,Wales,W92000004,27
01/07/2023,East Midlands,E12000004,28
01/07/2023,East of England,E12000006,9
01/07/2023,London,E12000007,36
01/07/2023,North East,E12000001,44
01/07/2023,North West,E12000002,78
01/07/2023,South East,E12000008,38
01/07/2023,South West,E12000009,12
01/07/2023,West Midlands Region,E12000005,29
01/07/2023,Yorkshire and The Humber,E12000003,55
01/07/2023,England,E92000001,329
01/07/2023,Wales,W92000004,18
01/08/2023,East Midlands,E12000004,21
01/08/2023,East of England,E12000006,10
01/08/2023,London,E12000007,59
01/08/2023,North East,E12000001,65
01/08/2023,North West,E12000002,77
01/08/2023,South East,E12000008,46
01/08/2023,South West,E12000009,17
01/08/2023,West Midlands Region,E12000005,36
01/08/2023,Yorkshire and The Humber,E12000003,67
01/08/2023,England,E92000001,398
01/08/2023,Wales,W92000004,29
01/09/2023,East Midlands,E12000004,23
01/09/2023,East of England,E12000006,13
01/09/2023,London,E12000007,50
01/09/2023,North East,E12000001,57
01/09/2023,North West,E12000002,95
01/09/2023,South East,E12000008,39
01/09/2023,South West,E12000009,26
01/09/2023,West Midlands Region,E12000005,31
01/09/2023,Yorkshire and The Humber,E12000003,44
01/09/2023,England,E92000001,378
01/09/2023,Wales,W92000004,26
01/10/2023,East Midlands,E12000004,23
01/10/2023,East of England,E12000006,15
01/10/2023,London,E12000007,61
01/10/2023,North East,E12000001,62
01/10/2023,North West,E12000002,92
01/10/2023,South East,E12000008,47
01/10/2023,South West,E12000009,18
01/10/2023,West Midlands Region,E12000005,41
01/10/2023,Yorkshire and The Humber,E12000003,50
01/10/2023,England,E92000001,409
01/10/2023,Wales,W92000004,23
01/11/2023,East Midlands,E12000004,23
01/11/2023,East of England,E12000006,18
01/11/2023,London,E12000007,54
01/11/2023,North East,E12000001,64
01/11/2023,North West,E12000002,86
01/11/2023,South East,E12000008,44
01/11/2023,South West,E12000009,25
01/11/2023,West Midlands Region,E12000005,33
01/11/2023,Yorkshire and The Humber,E12000003,52
01/11/2023,England,E92000001,399
01/11/2023,Wales,W92000004,32
01/12/2023,East Midlands,E12000004,22
01/12/2023,East of England,E12000006,9
01/12/2023,London,E12000007,38
01/12/2023,North East,E12000001,46
01/12/2023,North West,E12000002,78
01/12/2023,South East,E12000008,48
01/12/2023,South West,E12000009,23
01/12/2023,West Midlands Region,E12000005,30
01/12/2023,Yorkshire and The Humber,E12000003,40
01/12/2023,England,E92000001,334
01/12/2023,Wales,W92000004,22
01/01/2024,East Midlands,E12000004,21
01/01/2024,East of England,E12000006,7
01/01/2024,London,E12000007,46
01/01/2024,North East,E12000001,40
01/01/2024,North West,E12000002,86
01/01/2024,South East,E12000008,51
01/01/2024,South West,E12000009,27
01/01/2024,West Midlands Region,E12000005,19
01/01/2024,Yorkshire and The Humber,E12000003,49
01/01/2024,England,E92000001,346
01/01/2024,Wales,W92000004,21
01/02/2024,East Midlands,E12000004,24
01/02/2024,East of England,E12000006,7
01/02/2024,London,E12000007,43
01/02/2024,North East,E12000001,51
01/02/2024,North West,E12000002,62
01/02/2024,South East,E12000008,43
01/02/2024,South West,E12000009,20
01/02/2024,West Midlands Region,E12000005,29
01/02/2024,Yorkshire and The Humber,E12000003,54
01/02/2024,England,E92000001,333
01/02/2024,Wales,W92000004,27
01/03/2024,East Midlands,E12000004,27
01/03/2024,East of England,E12000006,7
01/03/2024,London,E12000007,32
01/03/2024,North East,E12000001,67
01/03/2024,North West,E12000002,92
01/03/2024,South East,E12000008,43
01/03/2024,South West,E12000009,25
01/03/2024,West Midlands Region,E12000005,28
01/03/2024,Yorkshire and The Humber,E12000003,46
01/03/2024,England,E92000001,367
01/03/2024,Wales,W92000004,15
01/04/2024,East Midlands,E12000004,17
01/04/2024,East of England,E12000006,7
01/04/2024,London,E12000007,43
01/04/2024,North East,E12000001,69
01/04/2024,North West,E12000002,48
01/04/2024,South East,E12000008,37
01/04/2024,South West,E12000009,18
01/04/2024,West Midlands Region,E12000005,21
01/04/2024,Yorkshire and The Humber,E12000003,28
01/04/2024,England,E92000001,288
01/04/2024,Wales,W92000004,23
01/05/2024,East Midlands,E12000004,14
01/05/2024,East of England,E12000006,7
01/05/2024,London,E12000007,29
01/05/2024,North East,E12000001,41
01/05/2024,North West,E12000002,32
01/05/2024,South East,E12000008,24
01/05/2024,South West,E12000009,23
01/05/2024,West Midlands Region,E12000005,15
01/05/2024,Yorkshire and The Humber,E12000003,21
01/05/2024,England,E92000001,206
01/05/2024,Wales,W92000004,9
01/06/2024,East Midlands,E12000004,19
01/06/2024,East of England,E12000006,1
01/06/2024,London,E12000007,22
01/06/2024,North East,E12000001,30
01/06/2024,North West,E12000002,11
01/06/2024,South East,E12000008,16
01/06/2024,South West,E12000009,12
01/06/2024,West Midlands Region,E12000005,17
01/06/2024,Yorkshire and The Humber,E12000003,16
01/06/2024,England,E92000001,144
01/06/2024,Wales,W92000004,14
01/07/2024,East Midlands,E12000004,8
01/07/2024,East of England,E12000006,2
01/07/2024,London,E12000007,24
01/07/2024,North East,E12000001,37
01/07/2024,North West,E12000002,38
01/07/2024,South East,E12000008,21
01/07/2024,South West,E12000009,6
01/07/2024,West Midlands Region,E12000005,11
01/07/2024,Yorkshire and The Humber,E12000003,21
01/07/2024,England,E92000001,168
01/07/2024,Wales,W92000004,9
01/08/2024,East Midlands,E12000004,4
01/08/2024,East of England,E12000006,4
01/08/2024,London,E12000007,17
01/08/2024,North East,E12000001,20
01/08/2024,North West,E12000002,10
01/08/2024,South East,E12000008,12
01/08/2024,South West,E12000009,2
01/08/2024,West Midlands Region,E12000005,9
01/08/2024,Yorkshire and The Humber,E12000003,8
01/08/2024,England,E92000001,86
01/08/2024,Wales,W92000004,3
01/09/2024,East Midlands,E12000004,3
01/09/2024,East of England,E12000006,1
01/09/2024,London,E12000007,9
01/09/2024,North East,E12000001,12
01/09/2024,North West,E12000002,9
01/09/2024,South East,E12000008,5
01/09/2024,South West,E12000009,3
01/09/2024,West Midlands Region,E12000005,6
01/09/2024,Yorkshire and The Humber,E12000003,2
01/09/2024,England,E92000001,50
01/09/2024,Wales,W92000004,3
